<Xml>
<Result>SUCCESS</Result>
<Data>
<Record>
	<Barcode>88001001</Barcode>
	<Brand>Fossil</Brand>
	<ClassCode>_UU</ClassCode>
	<ClassId>1</ClassId>
	<ClassName>Unclassified</ClassName>
	<Code>99001</Code>
	<CultureCode>en-GB</CultureCode>
	<CurrencySymbol>£</CurrencySymbol>
	<CurrencySymbolMinor>p</CurrencySymbolMinor>
	<CurrencyType>GBP</CurrencyType>
	<Description>Automatic Navy Leather Watch</Description>
	<DisplayCode>99001</DisplayCode>
	<EndDate>9999-12-31T00:00:00+00:00</EndDate>
	<EndDateText>9999-12-31T00:00:00</EndDateText>
	<Feature1>Three hand automatic movement</Feature1>
	<Feature2>Exposed Dial</Feature2>
	<Feature3>Genuine leather strap</Feature3>
	<Feature4>All-round timeless look</Feature4>
	<ItemFABId>7</ItemFABId>
	<Model>ME3054</Model>
	<PrintQueueId>0</PrintQueueId>
	<ItemId>100019</ItemId>
	<ProductImageURL>
	https://demo.nettickit.com/publisher/graphicdownload.aspx?filename=99001.png
	</ProductImageURL>
	<Quantity>1</Quantity>
	<Retail>17.0000</Retail>
	<Saving>6.0000</Saving>
	<StartDate>2017-09-20T00:00:00+01:00</StartDate>
	<StartDateText>2017-09-20T00:00:00</StartDateText>
	<StoreCode>900</StoreCode>
	<StoreId>12</StoreId>
	<StoreName>The Technology Store</StoreName>
	<ItemPriceId>3113</ItemPriceId>
	<Strapline1>SALE!</Strapline1>
	<WasPrice1>19.0000</WasPrice1>
	<WasPrice2>21.0000</WasPrice2>
	<WasPrice3>23.0000</WasPrice3>
</Record>
<Record>
	<Barcode>88002002</Barcode>
	<Brand>TAG Heuer</Brand>
	<ClassCode>_UU</ClassCode>
	<ClassId>1</ClassId>
	<ClassName>Unclassified</ClassName>
	<Code>99002</Code>
	<CultureCode>en-GB</CultureCode>
	<CurrencySymbol>£</CurrencySymbol>
	<CurrencySymbolMinor>p</CurrencySymbolMinor>
	<CurrencyType>GBP</CurrencyType>
	<Description>Formula 1 Chronograph Men's Watch</Description>
	<DisplayCode>99002</DisplayCode>
	<EndDate>9999-12-31T00:00:00+00:00</EndDate>
	<EndDateText>9999-12-31T00:00:00</EndDateText>
	<Feature1>Black perforated rubber strap</Feature1>
	<Feature2>43mm stainless steel case</Feature2>
	<Feature3>Fixed tachymeter bezel</Feature3>
	<Feature4>Scratch resistant sapphire crystal glass</Feature4>
	<ItemFABId>8</ItemFABId>
	<Model>MW8490</Model>
	<PrintQueueId>0</PrintQueueId>
	<ItemId>100020</ItemId>
	<ProductImageURL>
	https://demo.nettickit.com/publisher/graphicdownload.aspx?filename=99002.png
	</ProductImageURL>
	<Quantity>1</Quantity>
	<Retail>349.0000</Retail>
	<Saving>20.0000</Saving>
	<StartDate>2017-09-20T00:00:00+01:00</StartDate>
	<StartDateText>2017-09-20T00:00:00</StartDateText>
	<StoreCode>900</StoreCode>
	<StoreId>12</StoreId>
	<StoreName>The Technology Store</StoreName>
	<ItemPriceId>3234</ItemPriceId>
	<Strapline1>GREAT OFFER</Strapline1>
	<WasPrice1>359.0000</WasPrice1>
	<WasPrice2>369.0000</WasPrice2>
</Record>
<Record>
	<Barcode>88003003</Barcode>
	<Brand>Dior</Brand>
	<ClassCode>201101</ClassCode>
	<ClassId>3</ClassId>
	<ClassName>White Goods</ClassName>
	<Code>99003</Code>
	<CultureCode>en-GB</CultureCode>
	<CurrencySymbol>£</CurrencySymbol>
	<CurrencySymbolMinor>p</CurrencySymbolMinor>
	<CurrencyType>GBP</CurrencyType>
	<Description>J'Adore Eau de Parfum</Description>
	<DisplayCode>99003</DisplayCode>
	<EndDate>9999-12-31T00:00:00+00:00</EndDate>
	<EndDateText>9999-12-31T00:00:00</EndDateText>
	<Feature1>Finely crafted invented bouquet</Feature1>
	<Feature2>100ml spray</Feature2>
	<Feature3>
	The incarnation of absolute femininity in an opulent fruity-floral bouquet
	</Feature3>
	<Feature4>
	The sensual, curvaceous lines of its amphora bottle make this a legendary perfume.
	</Feature4>
	<ItemFABId>9</ItemFABId>
	<Model>DJA500</Model>
	<PrintQueueId>0</PrintQueueId>
	<ItemId>100021</ItemId>
	<ProductImageURL>
	https://demo.nettickit.com/publisher/graphicdownload.aspx?filename=99003.png
	</ProductImageURL>
	<Quantity>1</Quantity>
	<Retail>299.0000</Retail>
	<Saving>100.0000</Saving>
	<StartDate>2017-09-20T00:00:00+01:00</StartDate>
	<StartDateText>2017-09-20T00:00:00</StartDateText>
	<StoreCode>900</StoreCode>
	<StoreId>12</StoreId>
	<StoreName>The Technology Store</StoreName>
	<ItemPriceId>3355</ItemPriceId>
	<Strapline1>SHIP EXCLUSIVE</Strapline1>
	<WasPrice1>399.0000</WasPrice1>
</Record>
<Record>
	<Brand>TW Steel</Brand>
	<ClassCode>_KK</ClassCode>
	<ClassId>-1</ClassId>
	<ClassName>Local (Keyed)</ClassName>
	<Code>99010</Code>
	<CultureCode>en-GB</CultureCode>
	<CurrencySymbol>£</CurrencySymbol>
	<CurrencySymbolMinor>p</CurrencySymbolMinor>
	<CurrencyType>GBP</CurrencyType>
	<Description>10 Year Anniversary Limited Edition Watch - 45mm</Description>
	<DisplayCode>99010</DisplayCode>
	<EndDate>9999-12-31T00:00:00+00:00</EndDate>
	<EndDateText>9999-12-31T00:00:00</EndDateText>
	<Feature1>
	Swiss Chronograph Automatic Valjoux 7750 movement (including certificate)
	</Feature1>
	<Feature2>Genuine Crocodile leather strap with metal pieces</Feature2>
	<Feature3>Swiss Sapphire crystal</Feature3>
	<Feature4>10 ATM water resistant</Feature4>
	<ItemFABId>10</ItemFABId>
	<Model>TWAC10</Model>
	<PrintQueueId>0</PrintQueueId>
	<ItemId>100022</ItemId>
	<ProductImageURL>
	https://demo.nettickit.com/publisher/graphicdownload.aspx?filename=99010.png
	</ProductImageURL>
	<Quantity>1</Quantity>
	<Retail>199.0000</Retail>
	<StartDate>2017-10-02T00:00:00+01:00</StartDate>
	<StartDateText>2017-10-02T00:00:00</StartDateText>
	<StoreCode>900</StoreCode>
	<StoreId>12</StoreId>
	<StoreName>The Technology Store</StoreName>
	<ItemPriceId>3356</ItemPriceId>
	<Strapline1>HAPPY BIRTHDAY</Strapline1>
</Record>
<Record>
	<Brand>Wilson</Brand>
	<ClassCode>_KK</ClassCode>
	<ClassId>-1</ClassId>
	<ClassName>Local (Keyed)</ClassName>
	<Code>99011</Code>
	<CultureCode>en-GB</CultureCode>
	<CurrencySymbol>£</CurrencySymbol>
	<CurrencySymbolMinor>p</CurrencySymbolMinor>
	<CurrencyType>GBP</CurrencyType>
	<Description>WILSON ULTRA 2017 PACKAGE SET</Description>
	<DisplayCode>99011</DisplayCode>
	<EndDate>9999-12-31T00:00:00+00:00</EndDate>
	<EndDateText>9999-12-31T00:00:00</EndDateText>
	<Feature1>
	Ideal for those beginners looking for a great package set that offers the full range of products to get you straight out onto the golf course
	</Feature1>
	<Feature2>
	The driver has been designed with the maximum 460cc dead shape for maximum forgiveness off the tee
	</Feature2>
	<Feature3>
	The fairway wood provides improved stability on off centre hits so you can be more accurate more often
	</Feature3>
	<Feature4>
	The hybrid offers confidence through its inspiring shape with a large sweet spot making it easier to hit than a long iron
	</Feature4>
	<ItemFABId>11</ItemFABId>
	<Model>U2017PS</Model>
	<PrintQueueId>0</PrintQueueId>
	<ItemId>100023</ItemId>
	<ProductImageURL>
	https://demo.nettickit.com/publisher/graphicdownload.aspx?filename=99011.png
	</ProductImageURL>
	<Quantity>1</Quantity>
	<Retail>1111.9900</Retail>
	<Saving>1113.2400</Saving>
	<StartDate>2017-10-04T00:00:00+01:00</StartDate>
	<StartDateText>2017-10-04T00:00:00</StartDateText>
	<StoreCode>900</StoreCode>
	<StoreId>12</StoreId>
	<StoreName>The Technology Store</StoreName>
	<ItemPriceId>3357</ItemPriceId>
	<Strapline1>PACKAGE SET</Strapline1>
	<WasPrice1>1113.5600</WasPrice1>
	<WasPrice2>1114.6700</WasPrice2>
	<WasPrice3>2225.2300</WasPrice3>
</Record>
<Record>
	<Brand>Golfino</Brand>
	<ClassCode>_KK</ClassCode>
	<ClassId>-1</ClassId>
	<ClassName>Local (Keyed)</ClassName>
	<Code>99012</Code>
	<CultureCode>en-GB</CultureCode>
	<CurrencySymbol>£</CurrencySymbol>
	<CurrencySymbolMinor>p</CurrencySymbolMinor>
	<CurrencyType>GBP</CurrencyType>
	<Description>GOLFINO LADIES SUN PROTECTION 3/4 POLO SHIRT</Description>
	<DisplayCode>99012</DisplayCode>
	<EndDate>9999-12-31T00:00:00+00:00</EndDate>
	<EndDateText>9999-12-31T00:00:00</EndDateText>
	<Feature1>SP factor of 50</Feature1>
	<Feature2>Temperature regulation</Feature2>
	<Feature3>Long 3/4 sleeve</Feature3>
	<Feature4>51% Polyester, 46% Cotton, 3% Elastane</Feature4>
	<ItemFABId>12</ItemFABId>
	<Model>308900</Model>
	<PrintQueueId>0</PrintQueueId>
	<ItemId>100024</ItemId>
	<ProductImageURL>
	https://demo.nettickit.com/publisher/graphicdownload.aspx?filename=99012.png
	</ProductImageURL>
	<Quantity>1</Quantity>
	<Retail>111.9900</Retail>
	<Saving>113.2400</Saving>
	<StartDate>2017-10-04T00:00:00+01:00</StartDate>
	<StartDateText>2017-10-04T00:00:00</StartDateText>
	<StoreCode>900</StoreCode>
	<StoreId>12</StoreId>
	<StoreName>The Technology Store</StoreName>
	<ItemPriceId>3358</ItemPriceId>
	<Strapline1>MEMBER SPECIAL OFFER</Strapline1>
	<WasPrice1>113.5600</WasPrice1>
	<WasPrice2>114.6700</WasPrice2>
	<WasPrice3>225.2300</WasPrice3>
</Record>
<Record>
	<Brand>Ecco</Brand>
	<ClassCode>_KK</ClassCode>
	<ClassId>-1</ClassId>
	<ClassName>Local (Keyed)</ClassName>
	<Code>99013</Code>
	<CultureCode>en-GB</CultureCode>
	<CurrencySymbol>£</CurrencySymbol>
	<CurrencySymbolMinor>p</CurrencySymbolMinor>
	<CurrencyType>GBP</CurrencyType>
	<Description>ECCO COOL SHOES</Description>
	<DisplayCode>99013</DisplayCode>
	<EndDate>9999-12-31T00:00:00+00:00</EndDate>
	<EndDateText>9999-12-31T00:00:00</EndDateText>
	<Feature1>HM Dritton Leather</Feature1>
	<Feature2>Waterproof & Breathable</Feature2>
	<Feature3>Sock Design (Can be worn without socks)</Feature3>
	<Feature4>Zarma II Golf Spikes</Feature4>
	<ItemFABId>13</ItemFABId>
	<Model>305823</Model>
	<PrintQueueId>0</PrintQueueId>
	<ItemId>100025</ItemId>
	<ProductImageURL>
		https://demo.nettickit.com/publisher/graphicdownload.aspx?filename=99013.png
	</ProductImageURL>
	<Quantity>1</Quantity>
	<Retail>11.9900</Retail>
	<Saving>13.2400</Saving>
	<StartDate>2017-10-04T00:00:00+01:00</StartDate>
	<StartDateText>2017-10-04T00:00:00</StartDateText>
	<StoreCode>900</StoreCode>
	<StoreId>12</StoreId>
	<StoreName>The Technology Store</StoreName>
	<ItemPriceId>3359</ItemPriceId>
	<StraplineCode>SPECOFFER</StraplineCode>
	<Strapline1>Special Offer</Strapline1>
	<WasPrice1>13.5600</WasPrice1>
	<WasPrice2>14.6700</WasPrice2>
	<WasPrice3>25.2300</WasPrice3>
</Record>
<Record>
	<Brand>Callaway</Brand>
	<ClassCode>_KK</ClassCode>
	<ClassId>-1</ClassId>
	<ClassName>Local (Keyed)</ClassName>
	<Code>99014</Code>
	<CultureCode>en-GB</CultureCode>
	<CurrencySymbol>£</CurrencySymbol>
	<CurrencySymbolMinor>p</CurrencySymbolMinor>
	<CurrencyType>GBP</CurrencyType>
	<Description>Callaway 300 Pro Laser Range Finder</Description>
	<DisplayCode>99014</DisplayCode>
	<EndDate>9999-12-31T00:00:00+00:00</EndDate>
	<EndDateText>9999-12-31T00:00:00</EndDateText>
	<Feature1>
	The Callaway 300 Pro Laser RangeFinder features an excellent slope technology that will measure the correct yardage to the target whether you are hitting up or downhill
	</Feature1>
	<Feature2>
	At a touch of a button the 300 Pro Laser RangeFinder will lock onto a flag up to 300 yards away
	</Feature2>
	<Feature3>
	When locked onto the pin the device will “chirp” to reassure you that you have the right target
	</Feature3>
	<Feature4>
	The 6 x magnification will allow to scan the landscape for multiple targets
	</Feature4>
	<ItemFABId>14</ItemFABId>
	<Model>G20367</Model>
	<PrintQueueId>0</PrintQueueId>
	<ItemId>100026</ItemId>
	<ProductImageURL>
	https://demo.nettickit.com/publisher/graphicdownload.aspx?filename=99014.png
	</ProductImageURL>
	<Quantity>1</Quantity>
	<Retail>1423.0000</Retail>
	<Saving>404.0000</Saving>
	<StartDate>2017-10-04T00:00:00+01:00</StartDate>
	<StartDateText>2017-10-04T00:00:00</StartDateText>
	<StoreCode>900</StoreCode>
	<StoreId>12</StoreId>
	<StoreName>The Technology Store</StoreName>
	<ItemPriceId>3360</ItemPriceId>
	<WasPrice1>1524.0000</WasPrice1>
	<WasPrice2>1625.0000</WasPrice2>
	<WasPrice3>1827.0000</WasPrice3>
</Record>
<Record>
	<Brand>Warner Brothers</Brand>
	<ClassCode>_KK</ClassCode>
	<ClassId>-1</ClassId>
	<ClassName>Local (Keyed)</ClassName>
	<Code>99015</Code>
	<CultureCode>en-GB</CultureCode>
	<CurrencySymbol>£</CurrencySymbol>
	<CurrencySymbolMinor>p</CurrencySymbolMinor>
	<CurrencyType>GBP</CurrencyType>
	<Description>Warner Brothers Villain Joker Headcover</Description>
	<DisplayCode>99015</DisplayCode>
	<EndDate>9999-12-31T00:00:00+00:00</EndDate>
	<EndDateText>9999-12-31T00:00:00</EndDateText>
	<Feature1>
	Adds a bit of humour to the bag and fits on the driver perfectly
	</Feature1>
	<Feature2>
	Sleeve also protects the shaft
	</Feature2>
	<Feature3>
	Whichever you choose you will be the talk of the golf club for your sense of humour
	</Feature3>
	<Feature4>Ideal present</Feature4>
	<ItemFABId>15</ItemFABId>
	<Model>G14113</Model>
	<PrintQueueId>0</PrintQueueId>
	<ItemId>100027</ItemId>
	<ProductImageURL>
	https://demo.nettickit.com/publisher/graphicdownload.aspx?filename=99015.png
	</ProductImageURL>
	<Quantity>1</Quantity>
	<Retail>1.9900</Retail>
	<Saving>3.2400</Saving>
	<StartDate>2017-10-04T00:00:00+01:00</StartDate>
	<StartDateText>2017-10-04T00:00:00</StartDateText>
	<StoreCode>900</StoreCode>
	<StoreId>12</StoreId>
	<StoreName>The Technology Store</StoreName>
	<ItemPriceId>3361</ItemPriceId>
	<Strapline1>Be The Joker</Strapline1>
	<WasPrice1>3.5600</WasPrice1>
	<WasPrice2>4.6700</WasPrice2>
	<WasPrice3>5.2300</WasPrice3>
</Record>
</Data>
<Error/>
</Xml>
