<Xml>
<Result>SUCCESS</Result>
<Data>
	<Record>
		<Barcode>88001001</Barcode>
		<Brand>Fossil</Brand>
		<ClassCode>_UU</ClassCode>
		<ClassId>1</ClassId>
		<ClassName>Unclassified</ClassName>
		<Code>99001</Code>
		<CultureCode>en-GB</CultureCode>
		<CurrencySymbol>£</CurrencySymbol>
		<CurrencySymbolMinor>p</CurrencySymbolMinor>
		<CurrencyType>GBP</CurrencyType>
		<Description>Automatic Navy Leather Watch</Description>
		<DisplayCode>99001</DisplayCode>
		<EndDate>9999-12-31T00:00:00+00:00</EndDate>
		<EndDateText>9999-12-31T00:00:00</EndDateText>
		<Feature1>Three hand automatic movement</Feature1>
		<Feature2>Exposed Dial</Feature2>
		<Feature3>Genuine leather strap</Feature3>
		<Feature4>All-round timeless look</Feature4>
		<ItemFABId>7</ItemFABId>
		<Model>ME3054</Model>
		<PrintQueueId>0</PrintQueueId>
		<ItemId>100019</ItemId>
		<ProductImageURL>
			https://demo.nettickit.com/publisher/graphicdownload.aspx?filename=99001.png
		</ProductImageURL>
		<Quantity>1</Quantity>
		<Retail>185.0000</Retail>
		<Saving>20.0000</Saving>
		<StartDate>2017-09-20T00:00:00+01:00</StartDate>
		<StartDateText>2017-09-20T00:00:00</StartDateText>
		<StoreCode>900</StoreCode>
		<StoreId>12</StoreId>
		<StoreName>The Technology Store</StoreName>
		<ItemPriceId>3113</ItemPriceId>
		<Strapline1>SALE!</Strapline1>
		<WasPrice1>199.0000</WasPrice1>
		<WasPrice2>205.0000</WasPrice2>
	</Record>
	<Record>
		<Barcode>88002002</Barcode>
		<Brand>TAG Heuer</Brand>
		<ClassCode>_UU</ClassCode>
		<ClassId>1</ClassId>
		<ClassName>Unclassified</ClassName>
		<Code>99002</Code>
		<CultureCode>en-GB</CultureCode>
		<CurrencySymbol>£</CurrencySymbol>
		<CurrencySymbolMinor>p</CurrencySymbolMinor>
		<CurrencyType>GBP</CurrencyType>
		<Description>Formula 1 Chronograph Men's Watch</Description>
		<DisplayCode>99002</DisplayCode>
		<EndDate>9999-12-31T00:00:00+00:00</EndDate>
		<EndDateText>9999-12-31T00:00:00</EndDateText>
		<Feature1>Black perforated rubber strap</Feature1>
		<Feature2>43mm stainless steel case</Feature2>
		<Feature3>Fixed tachymeter bezel</Feature3>
		<Feature4>Scratch resistant sapphire crystal glass</Feature4>
		<ItemFABId>8</ItemFABId>
		<Model>MW8490</Model>
		<PrintQueueId>0</PrintQueueId>
		<ItemId>100020</ItemId>
		<ProductImageURL>
			https://demo.nettickit.com/publisher/graphicdownload.aspx?filename=99002.png
		</ProductImageURL>
		<Quantity>1</Quantity>
		<Retail>1250.9900</Retail>
		<Saving>150.0000</Saving>
		<StartDate>2017-09-20T00:00:00+01:00</StartDate>
		<StartDateText>2017-09-20T00:00:00</StartDateText>
		<StoreCode>900</StoreCode>
		<StoreId>12</StoreId>
		<StoreName>The Technology Store</StoreName>
		<ItemPriceId>3234</ItemPriceId>
		<Strapline1>GREAT OFFER</Strapline1>
		<WasPrice1>1400.9900</WasPrice1>
	</Record>
	<Record>
		<Barcode>88003003</Barcode>
		<Brand>Dior</Brand>
		<ClassCode>201101</ClassCode>
		<ClassId>3</ClassId>
		<ClassName>White Goods</ClassName>
		<Code>99003</Code>
		<CultureCode>en-GB</CultureCode>
		<CurrencySymbol>£</CurrencySymbol>
		<CurrencySymbolMinor>p</CurrencySymbolMinor>
		<CurrencyType>GBP</CurrencyType>
		<Description>J'Adore Eau de Parfum</Description>
		<DisplayCode>99003</DisplayCode>
		<EndDate>9999-12-31T00:00:00+00:00</EndDate>
		<EndDateText>9999-12-31T00:00:00</EndDateText>
		<Feature1>Finely crafted invented bouquet</Feature1>
		<Feature2>100ml spray</Feature2>
		<Feature3>
			The incarnation of absolute femininity in an opulent fruity-floral bouquet
		</Feature3>
		<Feature4>
			The sensual, curvaceous lines of its amphora bottle make this a legendary perfume.
		</Feature4>
		<ItemFABId>9</ItemFABId>
		<Model>DJA500</Model>
		<PrintQueueId>0</PrintQueueId>
		<ItemId>100021</ItemId>
		<ProductImageURL>
			https://demo.nettickit.com/publisher/graphicdownload.aspx?filename=99003.png
		</ProductImageURL>
		<Quantity>1</Quantity>
		<Retail>104.0000</Retail>
		<Saving>71.0000</Saving>
		<StartDate>2017-09-20T00:00:00+01:00</StartDate>
		<StartDateText>2017-09-20T00:00:00</StartDateText>
		<StoreCode>900</StoreCode>
		<StoreId>12</StoreId>
		<StoreName>The Technology Store</StoreName>
		<ItemPriceId>3355</ItemPriceId>
		<Strapline1>SHIP EXCLUSIVE</Strapline1>
		<WasPrice1>175.0000</WasPrice1>
	</Record>
</Data>
<Error/>
</Xml>