<Xml>
<Result>SUCCESS</Result>
<Data>
<Record>
<DeviceReference>PI1</DeviceReference>
<DeviceTypeTheme>Electrical</DeviceTypeTheme>
<InStock>true</InStock>
<Position>1</Position>
<APR>0.198</APR>
<AprPC>19.8</AprPC>
<Barcode>5060174294563</Barcode>
<Brand>LG</Brand>
<BrandGraphicFileName>
https://newdemo.nettickit.com/publisher/graphicdownload.aspx?filename=LG.png
</BrandGraphicFileName>
<ClassCode>201102</ClassCode>
<ClassId>4</ClassId>
<ClassName>Brown Goods</ClassName>
<Code>20042</Code>
<CodeGraphicFileName>
https://newdemo.nettickit.com/publisher/graphicdownload.aspx?filename=20042.png
</CodeGraphicFileName>
<CountryCode>GBR</CountryCode>
<CreditIndicator>1</CreditIndicator>
<CultureCode>en-GB</CultureCode>
<CurrencySymbol>£</CurrencySymbol>
<CurrencySymbolMinor>p</CurrencySymbolMinor>
<CurrencyType>GBP</CurrencyType>
<DefaultCurrency>GBP</DefaultCurrency>
<Delivery>39.9900</Delivery>
<DeliveryDesc>Delivery & Installation</DeliveryDesc>
<Deposit>0.0000</Deposit>
<Depth>208</Depth>
<Description>Smart 4K Ultra HD 43" LED TV</Description>
<Dimensions>(H) 63.3cm (W) 97.6cm (D) 20.7cm</Dimensions>
<DisplayCode>20042</DisplayCode>
<EndDate>9999-12-31T00:00:00+00:00</EndDate>
<Feature1>
43" (109.2cm visible screen size) Ultra High Definition Integrated Digital LED TV
</Feature1>
<Feature2>
Includes both Freesat HD Freeview HD tuners (receives free digital satellite broadcastings)
</Feature2>
<Feature3>Access 4k content on Netflix & Amazon Prime</Feature3>
<Feature4>HDR displays brighter colours and greater contrast</Feature4>
<Height>633</Height>
<Interest>188.9500</Interest>
<ItemId>170</ItemId>
<ItemDetailId>170</ItemDetailId>
<ItemPriceId>2179</ItemPriceId>
<MiscText1>FV,FS,HDMI</MiscText1>
<MiscText2>4.8</MiscText2>
<MiscText3>100</MiscText3>
<MiscText5>85</MiscText5>
<MiscText6>8.6</MiscText6>
<MiscText7>
http://www.reevoo.com/p/panasonic-tx-l32v10#reviews
</MiscText7>
<Model>43UH620V</Model>
<MonthlyPayment>22.4700</MonthlyPayment>
<Months>36</Months>
<Retail>449.9900</Retail>
<StartDate>2017-10-12T00:00:00+01:00</StartDate>
<StoreBanding>Standard</StoreBanding>
<StoreCode>900</StoreCode>
<StoreGroupCode>CHAIN</StoreGroupCode>
<StoreGroupName>Chain Stores</StoreGroupName>
<StoreId>12</StoreId>
<StoreName>The Technology Store</StoreName>
<StorePriceGroupCode>CORE</StorePriceGroupCode>
<StorePriceGroupName>Core Pricing</StorePriceGroupName>
<Strapline1>BRAND NEW</Strapline1>
<Warranty>129.9900</Warranty>
<WarrantyDesc>1+2 Year Extracare</WarrantyDesc>
<Width>976</Width>
<NativeCode>201102</NativeCode>
</Record>
<Record>
<DeviceReference>PI1</DeviceReference>
<DeviceTypeTheme>Electrical</DeviceTypeTheme>
<InStock>true</InStock>
<Position>2</Position>
<APR>0.198</APR>
<AprPC>19.8</AprPC>
<Barcode>4905524603484</Barcode>
<Brand>Sony</Brand>
<BrandGraphicFileName>
https://newdemo.nettickit.com/publisher/graphicdownload.aspx?filename=sony.png
</BrandGraphicFileName>
<ClassCode>201102</ClassCode>
<ClassId>4</ClassId>
<ClassName>Brown Goods</ClassName>
<Code>20107</Code>
<CodeGraphicFileName>
https://newdemo.nettickit.com/publisher/graphicdownload.aspx?filename=20107.png
</CodeGraphicFileName>
<CountryCode>GBR</CountryCode>
<CreditIndicator>1</CreditIndicator>
<CultureCode>en-GB</CultureCode>
<CurrencySymbol>£</CurrencySymbol>
<CurrencySymbolMinor>p</CurrencySymbolMinor>
<CurrencyType>GBP</CurrencyType>
<DefaultCurrency>GBP</DefaultCurrency>
<Delivery>39.9900</Delivery>
<DeliveryDesc>Delivery & Installation</DeliveryDesc>
<Deposit>0.0000</Deposit>
<Depth>212</Depth>
<Description>Bravia 40" Smart LED TV</Description>
<Dimensions>(H) 58.9cm (W) 92.4cm (D) 21.2cm</Dimensions>
<DisplayCode>20107</DisplayCode>
<EndDate>9999-12-31T00:00:00+00:00</EndDate>
<Feature1>
40" LED backlit screen with X-Reality PRO technology
</Feature1>
<Feature2>
Digital tuner giving access to Freeview HD channels and other digital content
</Feature2>
<Feature3>Built-in WiFi to connect to the internet</Feature3>
<Feature4>Two HDMI connections and two USB 2.0 ports</Feature4>
<Height>589</Height>
<Interest>204.4700</Interest>
<ItemId>171</ItemId>
<ItemDetailId>171</ItemDetailId>
<ItemPriceId>2180</ItemPriceId>
<MiscText1>FV,1080,HDMI</MiscText1>
<MiscText2>4.5</MiscText2>
<MiscText3>93</MiscText3>
<MiscText5>559</MiscText5>
<MiscText6>8.7</MiscText6>
<MiscText7>http://www.reevoo.com/p/sony-kdl-32s5500#reviews</MiscText7>
<Model>KDL40WD653BU</Model>
<MonthlyPayment>24.2900</MonthlyPayment>
<Months>36</Months>
<Retail>499.9900</Retail>
<StartDate>2017-10-12T00:00:00+01:00</StartDate>
<StoreBanding>Standard</StoreBanding>
<StoreCode>900</StoreCode>
<StoreGroupCode>CHAIN</StoreGroupCode>
<StoreGroupName>Chain Stores</StoreGroupName>
<StoreId>12</StoreId>
<StoreName>The Technology Store</StoreName>
<StorePriceGroupCode>CORE</StorePriceGroupCode>
<StorePriceGroupName>Core Pricing</StorePriceGroupName>
<Strapline1>GREAT VALUE</Strapline1>
<Warranty>129.9900</Warranty>
<WarrantyDesc>1+2 Year Extracare</WarrantyDesc>
<Width>924</Width>
<NativeCode>201102</NativeCode>
</Record>
<Record>
<DeviceReference>PI1</DeviceReference>
<DeviceTypeTheme>Electrical</DeviceTypeTheme>
<InStock>true</InStock>
<Position>3</Position>
<APR>0.198</APR>
<AprPC>19.8</AprPC>
<Barcode>5025232511303</Barcode>
<Brand>LG</Brand>
<BrandGraphicFileName>
https://newdemo.nettickit.com/publisher/graphicdownload.aspx?filename=LG.png
</BrandGraphicFileName>
<ClassCode>201102</ClassCode>
<ClassId>4</ClassId>
<ClassName>Brown Goods</ClassName>
<Code>20551</Code>
<CodeGraphicFileName>
https://newdemo.nettickit.com/publisher/graphicdownload.aspx?filename=20551.png
</CodeGraphicFileName>
<CountryCode>GBR</CountryCode>
<CreditIndicator>1</CreditIndicator>
<CultureCode>en-GB</CultureCode>
<CurrencySymbol>£</CurrencySymbol>
<CurrencySymbolMinor>p</CurrencySymbolMinor>
<CurrencyType>GBP</CurrencyType>
<DefaultCurrency>GBP</DefaultCurrency>
<Delivery>0.0000</Delivery>
<DeliveryDesc>Delivery</DeliveryDesc>
<Deposit>0.0000</Deposit>
<Description>Smart 3D Blu-ray & DVD Home Cinema System</Description>
<DisplayCode>20551</DisplayCode>
<EndDate>9999-12-31T00:00:00+00:00</EndDate>
<Feature1>1200 W with Aramid technology</Feature1>
<Feature2>Part of the LG Music Flow multi-room system</Feature2>
<Feature3>Basic Smart: Fixed apps with Catch up TV & Movies</Feature3>
<Feature4>WiFi & Bluetooth</Feature4>
<Interest>103.5400</Interest>
<ItemId>182</ItemId>
<ItemDetailId>196</ItemDetailId>
<ItemPriceId>2191</ItemPriceId>
<MiscText1>HDMI</MiscText1>
<MiscText5>12</MiscText5>
<MiscText6>8.5</MiscText6>
<MiscText7>http://www.reevoo.com/p/panasonic-sc-pt170#reviews</MiscText7>
<Model>LHB745</Model>
<MonthlyPayment>12.3200</MonthlyPayment>
<Months>36</Months>
<Retail>279.9900</Retail>
<Saving>20.0000</Saving>
<StartDate>2017-10-12T00:00:00+01:00</StartDate>
<StoreBanding>Standard</StoreBanding>
<StoreCode>900</StoreCode>
<StoreGroupCode>CHAIN</StoreGroupCode>
<StoreGroupName>Chain Stores</StoreGroupName>
<StoreId>12</StoreId>
<StoreName>The Technology Store</StoreName>
<StorePriceGroupCode>CORE</StorePriceGroupCode>
<StorePriceGroupName>Core Pricing</StorePriceGroupName>
<Strapline1>LOWER PRICE</Strapline1>
<Warranty>59.9900</Warranty>
<WarrantyDesc>1+2 Year Extracare</WarrantyDesc>
<WasPrice1>299.9900</WasPrice1>
<NativeCode>201102</NativeCode>
</Record>
</Data>
<Error/>
</Xml>