<Xml>
<Result>SUCCESS</Result>
<Data>
<Record>
<Brand>LG</Brand>
<ClassCode>_UU</ClassCode>
<ClassId>1</ClassId>
<ClassName>Unclassified</ClassName>
<CreditIndicator>0</CreditIndicator>
<Code>20042</Code>
<CultureCode>en-GB</CultureCode>
<CurrencySymbol>£</CurrencySymbol>
<CurrencySymbolMinor>p</CurrencySymbolMinor>
<CurrencyType>GBP</CurrencyType>
<Description>Smart 4K Ultra HD 43" LED TV</Description>
<Dimensions>(H) 63.3cm (W) 97.6cm (D) 20.7cm</Dimensions>
<DisplayCode>20042</DisplayCode>
<EndDate>9999-12-31T00:00:00+00:00</EndDate>
<EndDateText>9999-12-31T00:00:00</EndDateText>
<Feature1>
43" (109.2cm visible screen size) Ultra High Definition Integrated Digital LED TV
</Feature1>
<Feature2>
Includes both Freesat HD Freeview HD tuners (receives free digital satellite broadcastings)
</Feature2>
<Feature3>Access 4k content on Netflix & Amazon Prime</Feature3>
<Feature4>HDR displays brighter colours and greater contrast</Feature4>
<MiscText1>FV,FS,HDMI</MiscText1>
<Model>43UH620V</Model>
<PrintQueueId>0</PrintQueueId>
<ItemId>100001</ItemId>
<ProductImageURL>
https://demo.nettickit.com/publisher/graphicdownload.aspx?filename=20042.png
</ProductImageURL>
<Quantity>1</Quantity>
<Retail>449.9900</Retail>
<StartDate>2017-10-05T00:00:00+01:00</StartDate>
<StartDateText>2017-10-05T00:00:00</StartDateText>
<StoreCode>900</StoreCode>
<StoreId>12</StoreId>
<StoreName>The Technology Store</StoreName>
<ItemPriceId>2385</ItemPriceId>
<Strapline1>BRAND NEW</Strapline1>
</Record>
<Record>
<Brand>LG</Brand>
<ClassCode>_UU</ClassCode>
<ClassId>1</ClassId>
<ClassName>Unclassified</ClassName>
<CreditIndicator>0</CreditIndicator>
<Code>20042</Code>
<CultureCode>en-GB</CultureCode>
<CurrencySymbol>£</CurrencySymbol>
<CurrencySymbolMinor>p</CurrencySymbolMinor>
<CurrencyType>GBP</CurrencyType>
<Description>Smart 4K Ultra HD 43" LED TV</Description>
<Dimensions>(H) 63.3cm (W) 97.6cm (D) 20.7cm</Dimensions>
<DisplayCode>20042</DisplayCode>
<EndDate>9999-12-31T00:00:00+00:00</EndDate>
<EndDateText>9999-12-31T00:00:00</EndDateText>
<Feature1>
43" (109.2cm visible screen size) Ultra High Definition Integrated Digital LED TV
</Feature1>
<Feature2>
Includes both Freesat HD Freeview HD tuners (receives free digital satellite broadcastings)
</Feature2>
<Feature3>Access 4k content on Netflix & Amazon Prime</Feature3>
<Feature4>HDR displays brighter colours and greater contrast</Feature4>
<MiscText1>FV,FS,HDMI</MiscText1>
<Model>43UH620V</Model>
<PrintQueueId>0</PrintQueueId>
<ItemId>100001</ItemId>
<ProductImageURL>
https://demo.nettickit.com/publisher/graphicdownload.aspx?filename=20042.png
</ProductImageURL>
<Quantity>1</Quantity>
<Retail>449.9900</Retail>
<StartDate>2017-10-05T00:00:00+01:00</StartDate>
<StartDateText>2017-10-05T00:00:00</StartDateText>
<StoreCode>900</StoreCode>
<StoreId>12</StoreId>
<StoreName>The Technology Store</StoreName>
<ItemPriceId>2385</ItemPriceId>
<Strapline1>BRAND NEW</Strapline1>
</Record>
<Record>
<Brand>LG</Brand>
<ClassCode>_UU</ClassCode>
<ClassId>1</ClassId>
<ClassName>Unclassified</ClassName>
<CreditIndicator>0</CreditIndicator>
<Code>20042</Code>
<CultureCode>en-GB</CultureCode>
<CurrencySymbol>£</CurrencySymbol>
<CurrencySymbolMinor>p</CurrencySymbolMinor>
<CurrencyType>GBP</CurrencyType>
<Description>Smart 4K Ultra HD 43" LED TV</Description>
<Dimensions>(H) 63.3cm (W) 97.6cm (D) 20.7cm</Dimensions>
<DisplayCode>20042</DisplayCode>
<EndDate>9999-12-31T00:00:00+00:00</EndDate>
<EndDateText>9999-12-31T00:00:00</EndDateText>
<Feature1>
43" (109.2cm visible screen size) Ultra High Definition Integrated Digital LED TV
</Feature1>
<Feature2>
Includes both Freesat HD Freeview HD tuners (receives free digital satellite broadcastings)
</Feature2>
<Feature3>Access 4k content on Netflix & Amazon Prime</Feature3>
<Feature4>HDR displays brighter colours and greater contrast</Feature4>
<MiscText1>FV,FS,HDMI</MiscText1>
<Model>43UH620V</Model>
<PrintQueueId>0</PrintQueueId>
<ItemId>100001</ItemId>
<ProductImageURL>
https://demo.nettickit.com/publisher/graphicdownload.aspx?filename=20042.png
</ProductImageURL>
<Quantity>1</Quantity>
<Retail>449.9900</Retail>
<StartDate>2017-10-05T00:00:00+01:00</StartDate>
<StartDateText>2017-10-05T00:00:00</StartDateText>
<StoreCode>900</StoreCode>
<StoreId>12</StoreId>
<StoreName>The Technology Store</StoreName>
<ItemPriceId>2385</ItemPriceId>
<Strapline1>BRAND NEW</Strapline1>
</Record>
<Record>
<Brand>Sony</Brand>
<ClassCode>_UU</ClassCode>
<ClassId>1</ClassId>
<ClassName>Unclassified</ClassName>
<CreditIndicator>0</CreditIndicator>
<Code>20107</Code>
<CultureCode>en-GB</CultureCode>
<CurrencySymbol>£</CurrencySymbol>
<CurrencySymbolMinor>p</CurrencySymbolMinor>
<CurrencyType>GBP</CurrencyType>
<Description>Bravia 40" Smart LED TV</Description>
<Dimensions>(H) 58.9cm (W) 92.4cm (D) 21.2cm</Dimensions>
<DisplayCode>20107</DisplayCode>
<EndDate>9999-12-31T00:00:00+00:00</EndDate>
<EndDateText>9999-12-31T00:00:00</EndDateText>
<Feature1>
40" LED backlit screen with X-Reality PRO technology
</Feature1>
<Feature2>
Digital tuner giving access to Freeview HD channels and other digital content
</Feature2>
<Feature3>Built-in WiFi to connect to the internet</Feature3>
<Feature4>Two HDMI connections and two USB 2.0 ports</Feature4>
<MiscText1>FV,1080,HDMI</MiscText1>
<Model>KDL40WD653BU</Model>
<PrintQueueId>0</PrintQueueId>
<ItemId>100002</ItemId>
<ProductImageURL>
https://demo.nettickit.com/publisher/graphicdownload.aspx?filename=20107.png
</ProductImageURL>
<Quantity>1</Quantity>
<Retail>499.9900</Retail>
<StartDate>2017-10-05T00:00:00+01:00</StartDate>
<StartDateText>2017-10-05T00:00:00</StartDateText>
<StoreCode>900</StoreCode>
<StoreId>12</StoreId>
<StoreName>The Technology Store</StoreName>
<ItemPriceId>2386</ItemPriceId>
<Strapline1>GREAT VALUE</Strapline1>
</Record>
<Record>
<Brand>Sony</Brand>
<ClassCode>_UU</ClassCode>
<ClassId>1</ClassId>
<ClassName>Unclassified</ClassName>
<CreditIndicator>0</CreditIndicator>
<Code>20107</Code>
<CultureCode>en-GB</CultureCode>
<CurrencySymbol>£</CurrencySymbol>
<CurrencySymbolMinor>p</CurrencySymbolMinor>
<CurrencyType>GBP</CurrencyType>
<Description>Bravia 40" Smart LED TV</Description>
<Dimensions>(H) 58.9cm (W) 92.4cm (D) 21.2cm</Dimensions>
<DisplayCode>20107</DisplayCode>
<EndDate>9999-12-31T00:00:00+00:00</EndDate>
<EndDateText>9999-12-31T00:00:00</EndDateText>
<Feature1>
40" LED backlit screen with X-Reality PRO technology
</Feature1>
<Feature2>
Digital tuner giving access to Freeview HD channels and other digital content
</Feature2>
<Feature3>Built-in WiFi to connect to the internet</Feature3>
<Feature4>Two HDMI connections and two USB 2.0 ports</Feature4>
<MiscText1>FV,1080,HDMI</MiscText1>
<Model>KDL40WD653BU</Model>
<PrintQueueId>0</PrintQueueId>
<ItemId>100002</ItemId>
<ProductImageURL>
https://demo.nettickit.com/publisher/graphicdownload.aspx?filename=20107.png
</ProductImageURL>
<Quantity>1</Quantity>
<Retail>499.9900</Retail>
<StartDate>2017-10-05T00:00:00+01:00</StartDate>
<StartDateText>2017-10-05T00:00:00</StartDateText>
<StoreCode>900</StoreCode>
<StoreId>12</StoreId>
<StoreName>The Technology Store</StoreName>
<ItemPriceId>2386</ItemPriceId>
<Strapline1>GREAT VALUE</Strapline1>
</Record>
<Record>
<Brand>Sony</Brand>
<ClassCode>_UU</ClassCode>
<ClassId>1</ClassId>
<ClassName>Unclassified</ClassName>
<CreditIndicator>0</CreditIndicator>
<Code>20107</Code>
<CultureCode>en-GB</CultureCode>
<CurrencySymbol>£</CurrencySymbol>
<CurrencySymbolMinor>p</CurrencySymbolMinor>
<CurrencyType>GBP</CurrencyType>
<Description>Bravia 40" Smart LED TV</Description>
<Dimensions>(H) 58.9cm (W) 92.4cm (D) 21.2cm</Dimensions>
<DisplayCode>20107</DisplayCode>
<EndDate>9999-12-31T00:00:00+00:00</EndDate>
<EndDateText>9999-12-31T00:00:00</EndDateText>
<Feature1>
40" LED backlit screen with X-Reality PRO technology
</Feature1>
<Feature2>
Digital tuner giving access to Freeview HD channels and other digital content
</Feature2>
<Feature3>Built-in WiFi to connect to the internet</Feature3>
<Feature4>Two HDMI connections and two USB 2.0 ports</Feature4>
<MiscText1>FV,1080,HDMI</MiscText1>
<Model>KDL40WD653BU</Model>
<PrintQueueId>0</PrintQueueId>
<ItemId>100002</ItemId>
<ProductImageURL>
https://demo.nettickit.com/publisher/graphicdownload.aspx?filename=20107.png
</ProductImageURL>
<Quantity>1</Quantity>
<Retail>499.9900</Retail>
<StartDate>2017-10-05T00:00:00+01:00</StartDate>
<StartDateText>2017-10-05T00:00:00</StartDateText>
<StoreCode>900</StoreCode>
<StoreId>12</StoreId>
<StoreName>The Technology Store</StoreName>
<ItemPriceId>2386</ItemPriceId>
<Strapline1>GREAT VALUE</Strapline1>
</Record>
</Data>
<Error/>
</Xml>